60170164,"amenity=restaurant,shop=books",-317025.581738352,4465886.51709074
273092476,"amenity=restaurant,name:en=남라고향 후통 인근",-321479.510748459,4466895.08793131
273111613,amenity=restaurant,-316827.61557737,4465915.05491031
290597856,"amenity=restaurant,name:en=Kongyiji Restaurant",-323298.728930134,4467733.78114536
294123632,"amenity=restaurant,name:en=Kongliang Hotpot Restaurant",-319932.308081722,4467136.32781989
296346952,"amenity=restaurant,name:en=Liliangui Pasta Restaurant",-337500.189225462,4459051.5157166
297113749,"amenity=restaurant,name:en=Nine-head Eagle Restaurant",-323775.477045904,4472450.40731044
297113753,"amenity=restaurant,name:en=Ottos Restaurant (Garden East Road)",-323776.792990452,4472516.40513353
297407376,amenity=restaurant,-325908.218808577,4471837.03316529
312152376,"amenity=restaurant,name:en=Yonghe King",-326756.584447008,4473705.33001745
312152381,"amenity=restaurant,name:en=Yippin (Wudaokou)",-326739.574584719,4473704.40167418
312152388,amenity=restaurant,-326717.533963981,4473701.86348973
312152403,amenity=restaurant,-326785.471136682,4473699.55063474
312152407,amenity=restaurant,-326772.625768537,4473706.47896113
380744190,amenity=restaurant,-328154.580771465,4474447.98061027
380769202,amenity=restaurant,-327630.676978866,4473766.81931821
380769210,amenity=restaurant,-327612.358538652,4473751.03413435
380769262,amenity=restaurant,-326861.09802582,4473786.16663853
380770656,"amenity=restaurant,name:en=Guan Chou Yuan Canteen",-327564.994704034,4475418.07751163
513237820,amenity=restaurant,-317140.517428997,4466116.92418405
586468177,amenity=restaurant,-327916.684008782,4470645.13297242
586468178,amenity=restaurant,-327938.839016587,4470646.63722036
586468181,amenity=restaurant,-327906.72611101,4470668.13626278
586469194,amenity=restaurant,-327780.531341587,4471022.03300967
586469195,amenity=restaurant,-327779.077395149,4471060.76954324
586469196,amenity=restaurant,-327774.928272883,4471081.62705312
586469197,amenity=restaurant,-327807.652959234,4471113.9261179
586469200,amenity=restaurant,-327826.748699529,4471117.86618265
586469201,amenity=restaurant,-327780.05765151,4471043.28201984
598799717,"amenity=restaurant,name:en=Pizza Hut",-317836.183245968,4466987.98012697
600242389,amenity=restaurant,-317202.449765287,4466117.43263383
600242421,amenity=restaurant,-317481.342571019,4465871.76074198
600243400,amenity=restaurant,-316471.141030461,4465848.85259765
600244064,"amenity=restaurant,name:en=JingZun Beijing Duck Restaurant",-317987.497148376,4466498.99127639
600244301,amenity=restaurant,-317934.013251822,4466827.54931421
600244302,amenity=restaurant,-317823.653554162,4466147.79017637
600244484,amenity=restaurant,-317166.428024816,4466363.33355371
600244597,amenity=restaurant,-317695.873300991,4466194.19649471
600244613,amenity=restaurant,-317150.009437008,4466305.6538603
675725144,amenity=restaurant,-316806.647904455,4465786.98463149
688145299,amenity=restaurant,-313431.32666361,4471520.03561986
718385422,amenity=restaurant,-314448.177511042,4470521.42482651
754501517,amenity=restaurant,-316697.090116756,4469293.50836636
756356773,amenity=restaurant,-311189.067729256,4475634.02635974
761252267,amenity=restaurant,-328686.606330577,4472629.09944975
819955036,"amenity=restaurant,name:en=Pizza Hut",-315509.272228418,4473425.61610359
819987318,amenity=restaurant,-314280.548528748,4471722.64605553
819988004,amenity=restaurant,-314261.028227411,4471721.6669687
820134792,amenity=restaurant,-314324.492340411,4471753.50648638
820134922,"amenity=restaurant,name:en=Pizza Hut",-314341.47744124,4471769.47990188
820225472,amenity=restaurant,-317454.674683828,4465997.09800646
821490023,amenity=restaurant,-317156.282749503,4467314.3758998
821494033,amenity=restaurant,-317137.916443506,4467379.02829153
822458912,"amenity=restaurant,name:en=Japanese Restaurant",-316507.40502665,4471487.79843679
822458931,"amenity=restaurant,name:en=9th Dynasty",-316440.271515984,4471474.75247107
854692925,amenity=restaurant,-320243.950498285,4468310.21453068
875474484,amenity=restaurant,-325718.217614842,4473521.55308763
930076067,"amenity=restaurant,name:en=Zijing Yuan Canteen",-326961.509859841,4475907.44075834
930076069,"amenity=restaurant,name:en=Tao Li Yuan Canteen",-327191.069613618,4475839.55895447
937632430,"amenity=restaurant,name:en=Ting Tao Yuan Canteen",-327163.190154967,4475340.06799158
937633529,"amenity=restaurant,name:en=Ding Xiang Yuan Canteen",-327149.455529034,4475543.52875558
941374337,amenity=restaurant,-327411.133460159,4474469.6062836
941374342,amenity=restaurant,-327405.824475293,4474519.28601695
942349387,"amenity=restaurant,name:en=Qing Fen Canteen",-327059.135667922,4475225.19598992
980098186,"amenity=restaurant,name:en=Xi Chun Yuan Canteen",-327700.844887908,4474888.00197575
980098192,"amenity=restaurant,name:en=He Yuan Canteen",-327699.342658792,4474994.32114275
983351375,"amenity=restaurant,name:en=Wen Xin Yuan Canteen",-327024.464657853,4475359.55194548
984108155,amenity=restaurant,-319858.259083733,4461753.62345989
984109321,amenity=restaurant,-319852.463633783,4461738.2446304
991507773,amenity=restaurant,-322354.151647436,4464922.46098978
1040903858,amenity=restaurant,-317658.866457207,4466161.88817054
1041372269,amenity=restaurant,-330557.870518114,4464845.32790738
1162973534,amenity=restaurant,-329311.276886638,4473913.76580056
1288654847,amenity=restaurant,-316999.971643907,4467405.92000237
1364164100,amenity=restaurant,-326130.205456258,4471879.06584249
1367439206,amenity=restaurant,-325678.666450958,4472884.71405616
1367488980,amenity=restaurant,-326259.903431515,4471974.29868408
1367513522,amenity=restaurant,-319879.153052155,4474084.14049958
1409341064,amenity=restaurant,-317450.187776384,4465917.08302357
1485580213,"amenity=restaurant,name:en=Pizza Hut",-325404.754092842,4457105.37520316
1485599092,amenity=restaurant,-325903.39796125,4457000.38231494
1487205079,amenity=restaurant,-325797.961579903,4457106.82758589
1493881695,"amenity=restaurant,name:en=Made in Beijing",-314180.867959102,4470561.18794655
1504017605,amenity=restaurant,-314143.353686223,4473941.8568016
1561196463,amenity=restaurant,-325949.387431285,4474745.72519235
1570436999,amenity=restaurant,-325070.175417982,4469570.82216303
1661724059,amenity=restaurant,-321850.111776421,4452159.8722883
1678269043,amenity=restaurant,-326861.867054069,4468987.86253
1678269072,amenity=restaurant,-326891.734907118,4469016.60881582
1678269095,amenity=restaurant,-326419.446899137,4469235.92892784
1678269099,amenity=restaurant,-326374.58663128,4468842.39229919
1678269102,amenity=restaurant,-326903.319229646,4469012.78481606
1678269115,amenity=restaurant,-326019.398721767,4469352.00544546
1688751291,"amenity=restaurant,name:en=rest. quanjude",-334590.320699137,4464951.3528906
1688751294,amenity=restaurant,-333900.947665516,4466108.96677169
1709481688,amenity=restaurant,-326012.794031942,4460741.27842214
1709500740,amenity=restaurant,-326181.022148316,4460739.7028912
1709500893,amenity=restaurant,-326199.517224361,4460740.79558751
1709501828,amenity=restaurant,-325959.295673363,4461095.00972439
1709508205,amenity=restaurant,-326032.344619883,4460743.19533975
1709521419,amenity=restaurant,-325260.527366921,4463577.98372774
1709521424,amenity=restaurant,-325259.265859066,4463606.58929167
1709525112,amenity=restaurant,-325625.316044852,4464075.23739983
1709525122,amenity=restaurant,-325624.433104649,4464081.58361434
1728015912,amenity=restaurant,-333727.678095769,4464079.43280214
1737610091,amenity=restaurant,-325459.620072967,4461672.82775055
1742670815,amenity=restaurant,-325539.499822548,4461477.70589513
1747322822,amenity=restaurant,-318520.976526715,4467112.2544107
1761791511,amenity=restaurant,-318366.325560603,4460329.08642629
1761846122,amenity=restaurant,-319957.613305584,4473231.13732132
1785670657,amenity=restaurant,-324417.10723322,4474463.66196621
1785671175,amenity=restaurant,-324287.069343937,4474454.54598366
1785698082,amenity=restaurant,-324425.721332866,4474499.77838053
1785698089,amenity=restaurant,-324222.73748695,4474647.92461498
1785698914,amenity=restaurant,-324356.424873756,4474891.63630249
1785711097,amenity=restaurant,-324961.096806991,4474556.67282884
1785734499,amenity=restaurant,-324211.403884812,4474598.55883953
1787115896,amenity=restaurant,-324983.982533572,4474631.62193235
1787289954,amenity=restaurant,-324825.96554133,4475453.6317564
1787291733,amenity=restaurant,-324722.353963338,4475279.38815188
1787291738,amenity=restaurant,-324721.985500692,4475299.71217034
1787514203,amenity=restaurant,-325098.82605628,4474404.36791543
1787514368,amenity=restaurant,-325222.385484267,4474409.08312908
1787515225,amenity=restaurant,-325261.493233049,4474399.93403938
1787515234,amenity=restaurant,-325207.316301863,4474376.88828924
1787516001,amenity=restaurant,-325133.334136991,4474556.257112
1787516006,amenity=restaurant,-325133.239773565,4474582.62604333
1787516021,amenity=restaurant,-325070.308957368,4474576.43131986
1787517880,amenity=restaurant,-325153.588090628,4475603.08043774
1787518694,amenity=restaurant,-325011.603088654,4475465.37309645
1787521170,amenity=restaurant,-325010.812907673,4475336.62303238
1801726655,amenity=restaurant,-314202.234919357,4463464.46205707
1811342367,amenity=restaurant,-333270.698127861,4464970.44201604
1817691530,amenity=restaurant,-334626.636603201,4469567.67815393
1827348393,amenity=restaurant,-318149.096925302,4463872.11586033
1827420132,amenity=restaurant,-325981.355043677,4473527.27641971
1849395693,amenity=restaurant,-321712.552028298,4459768.86010783
1852933749,amenity=restaurant,-323811.577285071,4458795.30908485
1924725186,amenity=restaurant,-324015.546170256,4469877.24507332
1933312339,amenity=restaurant,-325738.672366387,4471827.53729567
1964289923,amenity=restaurant,-333602.485258202,4466012.63828528
1964289927,amenity=restaurant,-334303.824267118,4465003.50204422
1964359767,amenity=restaurant,-333542.722637609,4466721.27424363
1964359768,amenity=restaurant,-333394.913010004,4466807.06176238
1964359783,amenity=restaurant,-332888.693371131,4466777.88586668
1979315350,amenity=restaurant,-333174.802786023,4466799.48962035
1993340074,amenity=restaurant,-329107.780598999,4473533.41600478
2010074632,amenity=restaurant,-319672.976488331,4465398.92374092
2021079432,amenity=restaurant,-325447.268502623,4461781.97122195
2025986946,amenity=restaurant,-311822.743102468,4469930.36456941
2054485372,amenity=restaurant,-316933.89676063,4469308.98131958
2072748280,amenity=restaurant,-333894.28658283,4466662.97041239
2084556327,amenity=restaurant,-333646.432852036,4465097.64217359
2095767940,amenity=restaurant,-317049.651598776,4466338.78329445
2095767941,amenity=restaurant,-317082.873057184,4466343.30639557
2095767942,amenity=restaurant,-317123.272302766,4466307.38215224
2099773287,amenity=restaurant,-319620.106988221,4461749.48497281
2101275740,amenity=restaurant,-333815.459584021,4465195.44099489
2102380969,amenity=restaurant,-326604.51487415,4468491.22070993
2115898056,amenity=restaurant,-332256.428005127,4465465.16277588
2126053462,amenity=restaurant,-322607.864261224,4462773.99914833
2136969298,amenity=restaurant,-334161.453002996,4464152.92150054
2136969300,amenity=restaurant,-334174.683307023,4464187.0518318
2138466223,amenity=restaurant,-331111.472678504,4464852.23589398
2173856440,"amenity=restaurant,name:en=Jazz Island Coffee",-318976.358482901,4467139.02384236
2185439888,amenity=restaurant,-322703.470648494,4473992.45935359
2185439896,amenity=restaurant,-322947.443831993,4474301.38329712
2192133661,amenity=restaurant,-329338.369305208,4473053.8124638
2197107177,amenity=restaurant,-329412.164467469,4473247.00574024
2250094134,amenity=restaurant,-323417.896956394,4471973.73062378
2250115555,amenity=restaurant,-317495.878261482,4463273.95017464
2250130633,amenity=restaurant,-319848.575995473,4467790.97986761
2250187731,amenity=restaurant,-324359.506555818,4464215.77750878
2280265272,amenity=restaurant,-323804.015507262,4468388.41622455
2290534961,amenity=restaurant,-311822.028334803,4472214.95083061
2290534973,amenity=restaurant,-311540.387480076,4472302.61171309
2306918613,amenity=restaurant,-316353.305386918,4468567.02296456
2309054758,amenity=restaurant,-316035.994074382,4474017.17716665
2335158199,amenity=restaurant,-323427.948300545,4462885.88239889
2335158236,amenity=restaurant,-323254.845559276,4462865.49742582
2358561828,amenity=restaurant,-317728.762579597,4459499.32741338
2371610164,"amenity=restaurant,name:en=Bai Jia Da Yuan",-329316.000818535,4472499.82886401
2387120839,amenity=restaurant,-321309.91516844,4458771.53822276
2390983620,amenity=restaurant,-318176.088149972,4466470.34956463
2391625255,amenity=restaurant,-324358.84134621,4462894.34224145
2391625259,amenity=restaurant,-324319.672235419,4462931.58120481
2399974590,amenity=restaurant,-314889.955512363,4467544.16494044
2400182176,amenity=restaurant,-314848.809502594,4466868.94168503
2400198397,amenity=restaurant,-314356.812655183,4465992.27550106
2400198398,amenity=restaurant,-314497.41518568,4465903.31237956
2400212044,amenity=restaurant,-315426.484592602,4466079.88548291
2404710448,amenity=restaurant,-315278.092358441,4466360.88878688
2404818394,amenity=restaurant,-314682.089493874,4466199.11262
2408411362,amenity=restaurant,-315196.164790526,4466253.88908803
2408411363,amenity=restaurant,-315245.955693428,4466257.85910087
2408411366,amenity=restaurant,-315302.59945007,4466349.185958
2408411367,amenity=restaurant,-315270.490725072,4466267.45044696
2408411369,"amenity=restaurant,name:en=Alioolio Italian Restaurant",-315326.082250508,4466226.20951931
2411795886,amenity=restaurant,-315408.224312784,4466130.52077887
2411798864,amenity=restaurant,-315202.653224355,4467529.47978552
2414692510,amenity=restaurant,-316514.335773452,4462895.41048457
2417593809,amenity=restaurant,-317729.977338385,4463507.34908556
2418894052,amenity=restaurant,-317296.21478176,4464002.95868026
2418894063,amenity=restaurant,-316975.380166289,4463703.1573698
2418894065,amenity=restaurant,-317445.819703614,4464071.04381666
2418894067,amenity=restaurant,-317630.690108066,4464119.50947282
2418894069,amenity=restaurant,-317627.67295624,4464195.04266699
2420792925,amenity=restaurant,-316409.772496358,4463031.02831444
2425478605,amenity=restaurant,-321286.444470386,4465723.46751699
2425503458,amenity=restaurant,-317390.948447304,4467365.64802793
2425571714,amenity=restaurant,-320251.359318288,4467409.07934244
2426743540,amenity=restaurant,-316880.984286314,4451001.63483098
2426743549,amenity=restaurant,-316573.811917773,4451011.80778846
2426743565,amenity=restaurant,-315243.896385675,4451298.59720149
2426743566,amenity=restaurant,-313899.397255208,4450337.81984818
2442565651,amenity=restaurant,-323028.316311904,4473406.01141343
2450171321,"amenity=restaurant,name:en=Bao Yuan Dumpling Restaurant",-315770.489246766,4467208.08944911
2452406288,amenity=restaurant,-314324.084173762,4450938.6566394
2452435928,"amenity=restaurant,name:en=Dongbei Xiangcun Renjia",-318413.793446784,4466490.3788664
2453844006,amenity=restaurant,-324018.795971473,4456528.61597524
2453859175,amenity=restaurant,-323516.928183755,4456807.61157334
2458220603,amenity=restaurant,-314921.940241178,4447385.18647773
2458220610,amenity=restaurant,-314911.365576383,4447377.73827083
2458220611,amenity=restaurant,-314903.866001247,4447372.24054617
2458220843,amenity=restaurant,-315016.400090663,4449793.26048375
2458220844,amenity=restaurant,-315072.523229434,4449798.12786844
2459514540,amenity=restaurant,-314520.354415611,4446710.51082437
2459514544,amenity=restaurant,-314019.361824213,4450625.54827607
2459514545,amenity=restaurant,-314868.744528262,4450921.27090766
2459534214,"amenity=restaurant,name:en=Yan Lan Lou Restaurant",-319158.331316224,4466308.18183556
2463550014,amenity=restaurant,-320880.394465408,4474229.23702177
2463556220,amenity=restaurant,-315905.628672232,4446732.67691584
2466140495,amenity=restaurant,-317072.978895894,4452047.40264263
2466276580,amenity=restaurant,-313102.599764545,4448478.07350612
2467339105,"amenity=restaurant,name:en=Hua's Restaurant",-316015.369789384,4462989.8883911
2470123906,amenity=restaurant,-315027.721660168,4449770.52769086
2481180639,amenity=restaurant,-314517.134904956,4446722.9777567
2481280150,"amenity=restaurant,name:en=Green Tea Restaurant",-318562.801026979,4464840.67861619
2482406775,"amenity=restaurant,name:en=Pizza Hut",-319602.893217047,4451856.11088232
2483306847,amenity=restaurant,-317198.585360692,4459801.09103543
2483306898,amenity=restaurant,-317351.475582817,4459374.75440283
2485222839,amenity=restaurant,-328918.010750861,4473543.0564138
2489355270,amenity=restaurant,-316457.962849604,4451146.48277616
2490527780,amenity=restaurant,-315652.573919524,4451457.80067295
2490527781,amenity=restaurant,-316592.704816241,4451066.90071019
2490612777,amenity=restaurant,-318614.741094117,4466535.68117404
2491770358,amenity=restaurant,-314718.634382646,4473220.32131104
2491874685,"amenity=restaurant,name:en=Jing Pin Jia Chang",-318313.105509543,4466199.78661796
2491934855,amenity=restaurant,-329296.466643472,4472893.69500763
2492158968,amenity=restaurant,-317546.538736344,4459287.89694081
2493417298,amenity=restaurant,-324390.472048778,4464268.80672705
2493863699,amenity=restaurant,-315054.209527308,4446538.06293479
2494625239,amenity=restaurant,-322649.213069685,4473860.38113698
2496303181,amenity=restaurant,-320366.910853832,4457840.846797
2496303312,amenity=restaurant,-319440.934052183,4457534.86867897
2496303329,amenity=restaurant,-319006.402843487,4455119.29230296
2496303747,amenity=restaurant,-316583.330706236,4451050.11989353
2497153809,amenity=restaurant,-318491.744655916,4466540.00460856
2497153812,amenity=restaurant,-318665.441699263,4466532.25014303
2497153816,amenity=restaurant,-318354.499930861,4466829.27785561
2497153818,"amenity=restaurant,name:en=Meizhou Dongpo Restaurant",-317936.684852103,4466716.84506484
2502382336,amenity=restaurant,-316604.784038782,4451093.26078345
2509063148,amenity=restaurant,-318195.130239558,4466187.71229818
2513551882,amenity=restaurant,-318572.205849548,4466568.9133316
2513551913,amenity=restaurant,-318404.407141385,4466736.94810528
2515010973,amenity=restaurant,-319462.105197833,4463088.15356457
2515011084,amenity=restaurant,-319424.767775503,4463085.12648391
2515011142,amenity=restaurant,-317147.710484679,4451921.1843717
2517188070,amenity=restaurant,-317452.082065077,4458710.2900106
2518362483,amenity=restaurant,-314684.899459991,4450929.68727258
2518362522,amenity=restaurant,-315218.588397682,4450744.00742647
2518362577,amenity=restaurant,-314697.472561703,4450910.65754316
2518362608,amenity=restaurant,-314645.681801258,4450925.73171049
2519732000,amenity=restaurant,-318555.446720307,4466946.01799956
2519732039,amenity=restaurant,-318520.516448373,4466942.23744633
2519732094,amenity=restaurant,-318507.549076938,4466941.75737757
2520627658,amenity=restaurant,-318191.132101198,4466474.47666416
2523345741,amenity=restaurant,-318828.224739473,4456827.83589877
2523345770,amenity=restaurant,-318825.637792386,4456109.64796886
2524995144,amenity=restaurant,-325615.350997325,4459452.18271124
2524995153,amenity=restaurant,-320792.637756703,4457985.21204474
2525603099,amenity=restaurant,-319204.23225564,4470561.47048311
2531698705,amenity=restaurant,-329245.907198082,4472763.21213286
2531844206,amenity=restaurant,-322491.080477237,4475037.34523778
2610693574,amenity=restaurant,-314977.036475275,4450928.77169425
2610841302,amenity=restaurant,-320874.323679832,4467063.55156049
2611847131,amenity=restaurant,-319276.525488215,4465250.1706949
2614217390,amenity=restaurant,-323548.801921237,4472007.25428335
2614217392,amenity=restaurant,-322969.594210165,4472044.51305046
2620527827,amenity=restaurant,-319393.076855804,4471456.70632497
2620557392,amenity=restaurant,-319186.130411775,4471403.38911019
2621131368,amenity=restaurant,-325236.299658491,4474420.55061215
2621160948,amenity=restaurant,-323053.244160994,4474307.93355467
2621160949,amenity=restaurant,-322906.557873848,4474292.74581014
2621160951,amenity=restaurant,-322800.418090069,4474273.02836041
2621160956,amenity=restaurant,-322810.955030257,4474348.92754443
2623025679,amenity=restaurant,-325037.667680541,4474934.64666708
2623032898,amenity=restaurant,-326611.021653654,4474123.98856306
2623034918,"amenity=restaurant,name:en=Pizza Hut",-326513.232671791,4473760.75794944
2636405932,amenity=restaurant,-314051.151444559,4450648.59755576
2636405956,amenity=restaurant,-313802.832301236,4450374.70902132
2684958523,amenity=restaurant,-321852.938618613,4467346.81615034
2686612097,amenity=restaurant,-320949.424428844,4467502.63682055
2689602235,amenity=restaurant,-322008.320940453,4467492.12439263
2689602241,"amenity=restaurant,name:en=Dali Courtyard",-321286.039629672,4467369.01450572
2730495622,amenity=restaurant,-318274.66197539,4466440.9705663
2735715763,amenity=restaurant,-322815.244467715,4474290.21006413
2735715791,amenity=restaurant,-323064.184854026,4474310.3883689
2738678606,amenity=restaurant,-319440.821888268,4474241.60774122
2738733823,amenity=restaurant,-319532.529873157,4474763.16222619
2738812694,amenity=restaurant,-323244.080363718,4461549.34185337
2744627048,amenity=restaurant,-320502.628985588,4474118.92371754
2744634429,amenity=restaurant,-320878.068349189,4474211.44918359
2753132903,amenity=restaurant,-320199.944193149,4467161.59986943
2753161499,amenity=restaurant,-323036.726302884,4474284.98043821
2753167754,amenity=restaurant,-323225.004621476,4474378.16423818
2782573120,amenity=restaurant,-319329.366595213,4475957.33497009
2783263301,amenity=restaurant,-322489.34675551,4475055.23263554
2783325953,amenity=restaurant,-326343.074631001,4473742.86906134
2783328738,amenity=restaurant,-326343.087745166,4473776.77506243
2787221711,amenity=restaurant,-323049.563614919,4474630.23239821
2795924280,amenity=restaurant,-317741.764582192,4477175.97953687
2803000701,amenity=restaurant,-325270.716075629,4464820.56913339
2803002801,amenity=restaurant,-325107.947836657,4464965.12239258
2803005902,amenity=restaurant,-325228.930222301,4465025.61782792
2803012401,amenity=restaurant,-320649.620922785,4467541.45798358
2803022301,amenity=restaurant,-320707.562800891,4467575.44969232
2803024101,amenity=restaurant,-320722.881746945,4467574.07178834
2803032301,amenity=restaurant,-320868.915674855,4467263.67798125
2814665078,amenity=restaurant,-331421.625294782,4464712.83322306
2819845701,amenity=restaurant,-321351.868525315,4474036.86581781
2824423201,amenity=restaurant,-319067.82097421,4477684.89657822
2825684601,amenity=restaurant,-319107.671320645,4477889.39927135
2833796836,"amenity=restaurant,name:en=Pizza Hut",-313539.125198565,4470434.60234488
2852183254,amenity=restaurant,-319374.250714122,4474683.85221375
2852183259,amenity=restaurant,-319368.754130293,4474667.00511438
2854280901,amenity=restaurant,-319532.322296774,4474653.46474979
2854307522,amenity=restaurant,-319003.213664253,4477497.95279222
2854308910,amenity=restaurant,-320423.839469941,4474187.27443936
2854308911,amenity=restaurant,-320334.521771585,4474305.31629322
2858027401,amenity=restaurant,-323996.797823181,4473503.80742934
2858062102,amenity=restaurant,-324034.811664316,4473599.976921
2859271101,amenity=restaurant,-320624.134872991,4474115.01886416
2859285701,amenity=restaurant,-319058.70255138,4477559.14055662
2859286601,amenity=restaurant,-319021.193936483,4477545.83041497
2861263801,amenity=restaurant,-319068.186993563,4477027.28220551
2861309128,amenity=restaurant,-319059.75035049,4477571.40547043
2861507807,amenity=restaurant,-330610.387407648,4461741.78212935
2866041601,amenity=restaurant,-322922.401541779,4455822.97873415
2866043401,amenity=restaurant,-322807.670650223,4456198.95191844
2866043701,amenity=restaurant,-322809.663873275,4456232.61491795
2866044001,amenity=restaurant,-322801.41631889,4456291.06925424
2866090401,amenity=restaurant,-322788.759820698,4456614.36859749
2867824621,amenity=restaurant,-319070.510696316,4477696.78813113
2868278901,amenity=restaurant,-319132.365401237,4477274.79902107
2868282501,amenity=restaurant,-319536.587075674,4474631.74303858
2871865149,amenity=restaurant,-326697.125971698,4473831.69981721
2872733101,amenity=restaurant,-321344.581690319,4474061.63758883
2884918847,amenity=restaurant,-326084.299784453,4459423.08316101
2905507845,amenity=restaurant,-323053.067686896,4473844.47558014
2905509867,amenity=restaurant,-322990.977523867,4473850.6563208
2905723001,amenity=restaurant,-323061.333106783,4473843.3497303
2914402955,amenity=restaurant,-323323.473150198,4468018.53254618
2916974874,amenity=restaurant,-322004.299220581,4467057.21345396
2919681740,amenity=restaurant,-322511.732462557,4474258.23472455
2922859901,amenity=restaurant,-319567.955771061,4474120.50417055
2922895674,amenity=restaurant,-319181.956675743,4475776.78138279
2924752812,amenity=restaurant,-325697.499511952,4472405.65790467
2924754019,amenity=restaurant,-325929.413652535,4472454.36153996
2926904802,amenity=restaurant,-322804.736046864,4474348.76746913
2926904803,amenity=restaurant,-322367.888640812,4474247.42190578
2926927301,amenity=restaurant,-322451.293090731,4474249.0789645
2941805802,amenity=restaurant,-320723.851507196,4473675.95404025
2945347585,amenity=restaurant,-320016.726362108,4467869.72106876
2948739534,amenity=restaurant,-319700.543014446,4473207.52829681
2948740033,amenity=restaurant,-320064.193937851,4473230.36247353
2948740933,amenity=restaurant,-319056.103502433,4472963.47327356
2948745833,amenity=restaurant,-315822.109159339,4473000.15781456
2948749233,amenity=restaurant,-315506.650145283,4472979.01715143
2948749433,amenity=restaurant,-315510.126625203,4472981.30692088
2948749434,amenity=restaurant,-315352.553336032,4473029.02736189
2948790333,amenity=restaurant,-315329.549108015,4473025.52902416
2948815133,amenity=restaurant,-316111.115133617,4473214.7134795
2948815333,amenity=restaurant,-316111.303232356,4473196.15478243
2948818434,amenity=restaurant,-319686.620716363,4473250.38622137
2948819033,"amenity=restaurant,name:en=Liying Restaurant",-319989.055231027,4473272.20026255
2948819434,amenity=restaurant,-320616.68167134,4474097.54086065
2957106133,amenity=restaurant,-320249.047196304,4473718.81940091
2957106533,"amenity=restaurant,name:en=Yonghe King",-320221.975801647,4473677.02449565
2957106933,amenity=restaurant,-320241.984452952,4473681.00100554
2957128234,amenity=restaurant,-320126.443378961,4473666.64225367
2957128235,amenity=restaurant,-320673.773939276,4473692.80662904
2957157733,amenity=restaurant,-320547.205506549,4473745.60108178
2957170433,amenity=restaurant,-320761.564013626,4473722.62507133
2957172834,amenity=restaurant,-320812.120786924,4473718.88890219
2957172836,amenity=restaurant,-320934.413206362,4473722.9560367
2957175334,amenity=restaurant,-320915.802688157,4473722.84614576
2957175335,amenity=restaurant,-320921.789388967,4473684.53122767
2957175733,amenity=restaurant,-320864.355159049,4473717.25003486
2980402333,amenity=restaurant,-319016.031868619,4477541.5532479
2981978051,amenity=restaurant,-323084.228097055,4473847.87402999
2981984033,amenity=restaurant,-323084.334495223,4473812.74593141
2981984634,amenity=restaurant,-322845.581363715,4473803.37910669
2981986533,amenity=restaurant,-322901.512402181,4473802.04425859
2981991733,amenity=restaurant,-323044.136883531,4474130.47566695
2981991933,amenity=restaurant,-323042.340189322,4474146.94853882
2981992233,amenity=restaurant,-323046.509148625,4474177.02422957
2982154833,amenity=restaurant,-321319.150437608,4473859.19333218
2982156033,amenity=restaurant,-321317.551455845,4473873.88521386
2982156433,amenity=restaurant,-321328.594138738,4473875.08704718
2982157533,amenity=restaurant,-321329.398459951,4473884.40947135
2982157733,amenity=restaurant,-321331.880084058,4473895.8289988
2982159033,amenity=restaurant,-321315.964583306,4473888.4657928
2982159833,amenity=restaurant,-321328.900079648,4473923.20932308
2982160233,amenity=restaurant,-321316.059833028,4473921.8118311
2982162733,amenity=restaurant,-321315.071309222,4473947.6069653
2982162734,amenity=restaurant,-321331.192607149,4473953.07805217
2982167733,amenity=restaurant,-321315.54933768,4473960.72297501
2982167734,amenity=restaurant,-321307.993815617,4473961.70258475
2982167735,amenity=restaurant,-321336.353144442,4474025.82955256
2982170535,amenity=restaurant,-321353.562528571,4474055.52000256
2982172133,amenity=restaurant,-321332.96968044,4474005.18957383
2982173433,amenity=restaurant,-321320.129573044,4474003.79205373
2982174633,amenity=restaurant,-321335.463308971,4474016.49780715
2982177833,amenity=restaurant,-321323.517776612,4474041.10038473
2983941847,amenity=restaurant,-319588.349941342,4474120.9174607
2983970833,amenity=restaurant,-319551.43567237,4474118.70987973
3024819370,amenity=restaurant,-316197.468688974,4468546.3994704
3036848436,amenity=restaurant,-323314.35075106,4475520.62048365
3036848536,amenity=restaurant,-323320.850640077,4475443.61586438
3036848537,amenity=restaurant,-323316.744118744,4475498.69378743
3036848635,amenity=restaurant,-323230.959979001,4475296.73554686
3036848934,amenity=restaurant,-323245.875686918,4475296.5613226
3040949438,amenity=restaurant,-329247.141052846,4472815.25695189
3042621633,amenity=restaurant,-329126.416106798,4472859.11142699
3044947860,"amenity=restaurant,name:en=Pizza Hut",-328314.74646533,4472159.07753427
3049750133,amenity=restaurant,-321508.520587002,4473946.47748576
3049751233,amenity=restaurant,-321516.692052294,4473717.84496756
3049772633,amenity=restaurant,-322015.359094611,4473951.66557333
3049832126,amenity=restaurant,-317114.158260182,4465360.59368724
3053673870,amenity=restaurant,-326700.973247766,4466430.85087653
3064361033,amenity=restaurant,-328139.320559213,4468884.84296181
3064367533,amenity=restaurant,-328140.122808064,4468864.77888068
3064819747,amenity=restaurant,-327602.408224202,4467762.09851293
3064847433,"amenity=restaurant,name:en=Pizza Hut",-327718.454564288,4467789.55617719
3064892833,amenity=restaurant,-327424.589001777,4467142.15446689
3066542276,amenity=restaurant,-317889.433458559,4466444.07761234
3073531163,amenity=restaurant,-317109.733118132,4466408.08159566
3075952452,amenity=restaurant,-316705.80346437,4459123.88027522
3081411977,amenity=restaurant,-329358.435881074,4473081.05925854
3092424790,amenity=restaurant,-327358.671435143,4472635.64907572
3095380629,amenity=restaurant,-322182.589889337,4462948.15395946
3111874780,amenity=restaurant,-320851.379448959,4461337.48192681
3156009566,amenity=restaurant,-318338.077006312,4468076.46293524
3161029915,amenity=restaurant,-323603.014077895,4474593.03406412
3254679261,amenity=restaurant,-320580.50912465,4474036.40859514
3254682984,amenity=restaurant,-320555.601982271,4474195.36288782
3287103476,amenity=restaurant,-318117.860754712,4475228.96869845
3307007683,"amenity=restaurant,name:en=Middle 8",-316888.130513002,4466342.88967276
3308817257,amenity=restaurant,-316965.208037917,4465815.6129358
3308819349,amenity=restaurant,-316929.246280847,4465783.06191633
3308819864,amenity=restaurant,-316974.575283468,4465815.00305365
3308821449,"amenity=restaurant,name:en=Mr. Shi",-321707.767828662,4467591.01971287
3308832524,"amenity=restaurant,name:en=Timezone 8",-313048.287258069,4471321.80367906
3337823601,amenity=restaurant,-318035.18081947,4464261.69376196
3343917139,amenity=restaurant,-317583.966061521,4465884.16800917
3353453535,amenity=restaurant,-321387.778602706,4467204.49488486
3372823993,amenity=restaurant,-314317.144352856,4471746.14990021
3372932235,"amenity=restaurant,name:en=greedy cat BBQ (Chanzuimao BBQ)",-314679.928918661,4471769.93630553
3374501035,amenity=restaurant,-318486.820686591,4464930.16763259
3374950664,amenity=restaurant,-314986.913748505,4471691.56101249
3379212804,amenity=restaurant,-323508.730878494,4466889.4591837
3390610377,amenity=restaurant,-314834.215443908,4470335.48261166
3390610378,amenity=restaurant,-314814.676320666,4470316.2495971
3399718569,"amenity=restaurant,name:en=Jiangbianchengwai",-316210.133093692,4468534.40162031
3409833890,amenity=restaurant,-338595.840396779,4466201.11429881
3409833891,amenity=restaurant,-338596.050122926,4466199.2219354
3409841712,amenity=restaurant,-325708.290191555,4472885.74643241
3409871669,amenity=restaurant,-325582.44372221,4461888.70783861
3419146109,amenity=restaurant,-317248.997789455,4463992.72638582
3474491732,amenity=restaurant,-318265.061494277,4466447.26254636
3481647017,amenity=restaurant,-317589.02115199,4467652.73590003
3492816982,amenity=restaurant,-317849.672821701,4466415.12965546
3492816983,amenity=restaurant,-317533.329082069,4466337.6256984
3492816987,amenity=restaurant,-317297.014046124,4466203.99207563
3493249596,amenity=restaurant,-316922.452286097,4465876.40475711
3498403432,amenity=restaurant,-318867.408277168,4465595.23399062
3498403433,amenity=restaurant,-318868.609713271,4465588.61890433
3498403448,amenity=restaurant,-318534.149102018,4464816.11718716
3498403449,amenity=restaurant,-318544.712283975,4464823.30655017
3500734089,amenity=restaurant,-318601.190551257,4465057.03489933
3500749693,amenity=restaurant,-315987.15663677,4465449.98785394
3500749694,amenity=restaurant,-315736.072429072,4465429.97319477
3500749695,amenity=restaurant,-315793.947864372,4465491.75600747
3500749697,amenity=restaurant,-316512.091902885,4465561.61131965
3504800757,amenity=restaurant,-317419.107258716,4466302.73882156
3504800761,amenity=restaurant,-317339.001100402,4466295.46772887
3504800766,amenity=restaurant,-317303.557730571,4466289.4423614
3504800771,amenity=restaurant,-317214.862428108,4466299.65473382
3504800774,amenity=restaurant,-317321.044728999,4466215.76543771
3504845920,amenity=restaurant,-317752.176778365,4463328.14434544
3504845935,amenity=restaurant,-316665.736129103,4461669.65742285
3504845938,amenity=restaurant,-317228.762354443,4462237.47201812
3504845951,amenity=restaurant,-316947.143963601,4465867.61976042
3504845952,amenity=restaurant,-316991.519162827,4465780.11419884
3506893964,amenity=restaurant,-318163.075477122,4466452.41174376
3506893965,amenity=restaurant,-318147.905125249,4466451.53655829
3506893986,amenity=restaurant,-317920.754768787,4466286.20551899
3506893989,amenity=restaurant,-318014.219880804,4466356.32994332
3506893991,amenity=restaurant,-318009.608508185,4466390.07396823
3506893994,amenity=restaurant,-317987.128440879,4466437.87530659
3506893998,amenity=restaurant,-318022.969628059,4466427.23673323
3506894001,"amenity=restaurant,name:en=Noodles Bar",-318023.109516272,4466439.64951125
3506894002,"amenity=restaurant,name:en=Mr. Shi's Dumplings",-317979.836565588,4466449.03397103
3506894004,amenity=restaurant,-317971.145177851,4466448.285503
3506894005,amenity=restaurant,-317965.420559721,4466448.39836529
3506894006,amenity=restaurant,-317962.593084316,4466448.09260409
3506894008,amenity=restaurant,-317917.415891471,4466496.41231193
3506894009,amenity=restaurant,-317937.09226285,4466463.71185781
3506894014,amenity=restaurant,-317867.933720653,4466437.76674512
3506894015,amenity=restaurant,-317873.172101213,4466438.78356595
3507903440,amenity=restaurant,-316939.400974018,4465671.91975428
3509476194,amenity=restaurant,-317060.610992045,4465795.66033287
3509515287,amenity=restaurant,-316646.719561753,4466034.8203572
3509515288,amenity=restaurant,-316685.942596137,4466036.99415071
3511315396,amenity=restaurant,-314985.539404675,4471683.42969105
3518560524,amenity=restaurant,-317062.921161395,4465782.93836541
3518560525,amenity=restaurant,-317024.972276406,4465810.36785811
3519076174,amenity=restaurant,-317920.218144778,4466293.25274816
3519076179,amenity=restaurant,-318378.917230611,4466728.26693997
3519076191,amenity=restaurant,-318289.915323864,4466433.38711044
3519081752,amenity=restaurant,-318090.927060811,4464928.48270113
3519544347,amenity=restaurant,-315751.128818875,4465390.90490478
3519544353,amenity=restaurant,-315754.520351282,4465404.71431893
3519544366,amenity=restaurant,-316511.901245393,4465554.54215461
3519544367,amenity=restaurant,-316512.317977677,4465571.64561583
3520968116,amenity=restaurant,-315742.869425206,4465465.26118982
3520968119,"amenity=restaurant,shop=convenience",-316821.817453681,4465434.2524768
3520968120,amenity=restaurant,-316833.605360038,4465432.74386961
3520968128,amenity=restaurant,-316907.692146285,4465448.62430544
3520968133,amenity=restaurant,-316912.917757003,4465581.19930482
3520968134,amenity=restaurant,-316897.679611026,4465502.66035159
3520968135,amenity=restaurant,-316896.403330043,4465518.73676931
3520968136,amenity=restaurant,-316898.03048582,4465516.59291619
3520968137,amenity=restaurant,-316896.762764611,4465532.67025879
3520968138,"amenity=restaurant,name:en=University 7th Canteen",-316892.138631002,4465566.90770468
3520968139,amenity=restaurant,-316905.048832922,4465593.78272047
3520968145,amenity=restaurant,-316928.837650024,4465795.51628054
3520968146,amenity=restaurant,-316907.541140455,4465794.61290858
3521108595,amenity=restaurant,-316953.915864689,4465813.81928163
3521108596,amenity=restaurant,-316991.676656106,4465821.60150737
3522848794,amenity=restaurant,-315233.560686358,4467475.34439548
3523113751,amenity=restaurant,-316994.664525914,4465816.24916694
3523113774,amenity=restaurant,-316978.816429213,4465829.5922487
3523113806,amenity=restaurant,-317298.765859083,4466193.39420651
3523113872,amenity=restaurant,-320356.955704623,4468031.75371649
3523128432,amenity=restaurant,-320225.38318925,4467681.94860536
3523128437,amenity=restaurant,-319482.189986681,4467150.40934163
3523128439,amenity=restaurant,-318303.558845235,4466960.49086809
3523128441,amenity=restaurant,-317441.94864561,4466852.20229809
3523128442,amenity=restaurant,-317440.455721637,4466866.01479035
3523165797,amenity=restaurant,-320386.50942978,4470482.29271607
3523165802,amenity=restaurant,-320388.830381973,4470396.68714569
3523165805,amenity=restaurant,-320375.418809628,4470394.99426824
3523165806,amenity=restaurant,-320437.052917785,4470398.90583181
3523198598,amenity=restaurant,-318550.231090334,4466137.13663663
3523198600,amenity=restaurant,-318484.73301272,4466130.04968892
3523198613,amenity=restaurant,-317748.322307578,4465914.52076322
3523198616,amenity=restaurant,-317491.001061152,4465795.77395453
3523198620,amenity=restaurant,-317482.338206394,4465782.72201606
3523198621,amenity=restaurant,-317466.624558262,4465775.39406722
3523198622,amenity=restaurant,-317476.793153258,4465779.64563241
3523642556,amenity=restaurant,-316203.170602984,4464900.42199528
3523642580,amenity=restaurant,-316933.793216359,4462806.09767915
3530332735,amenity=restaurant,-320396.571887628,4465055.04893021
3530332740,amenity=restaurant,-320373.298852571,4465061.69254402
3530332741,amenity=restaurant,-320345.135201031,4465050.18234293
3530332742,amenity=restaurant,-320361.236203356,4465050.50884195
3530332743,amenity=restaurant,-320472.100032652,4465062.28006865
3530332744,amenity=restaurant,-320465.694246328,4465068.49993957
3530332745,amenity=restaurant,-320485.765667263,4465065.31574959
3530332748,amenity=restaurant,-320468.946284314,4465068.25567855
3530332764,amenity=restaurant,-317323.482530799,4466102.86511778
3530332789,amenity=restaurant,-316518.940579921,4465463.2873413
3530332790,amenity=restaurant,-316471.830641271,4465440.82982446
3530338695,amenity=restaurant,-316375.758739079,4465428.09883706
3530338697,amenity=restaurant,-316346.191979756,4465426.06848854
3530515327,amenity=restaurant,-317473.167516159,4465953.67299789
3530515330,amenity=restaurant,-317474.984798313,4465936.85533399
3530515337,amenity=restaurant,-317893.823660855,4465824.43704966
3530521705,amenity=restaurant,-317148.930898123,4465432.83197343
3533293878,amenity=restaurant,-315722.904179896,4465357.21382463
3533293880,amenity=restaurant,-318015.249198722,4466202.52364331
3533293886,amenity=restaurant,-318058.127986919,4466210.58372161
3533339346,amenity=restaurant,-317214.240258792,4466100.48762695
3536015133,amenity=restaurant,-316116.416034512,4465252.33939555
3536015134,amenity=restaurant,-316115.753069858,4465245.54593372
3536015140,amenity=restaurant,-316163.452002139,4465079.30876875
3536015141,amenity=restaurant,-316181.011686549,4464987.63568422
3536015304,amenity=restaurant,-317172.037123179,4464956.59907662
3536015339,amenity=restaurant,-317221.355782527,4464935.43019969
3536015340,amenity=restaurant,-317237.757519277,4464917.05736393
3536081658,amenity=restaurant,-318482.895050616,4465873.24646697
3536081659,amenity=restaurant,-318478.572651857,4465873.45446896
3536081660,amenity=restaurant,-318472.449896404,4465875.71979811
3536081661,amenity=restaurant,-318467.338718023,4465876.96851996
3536081662,amenity=restaurant,-318462.149246677,4465876.85751596
3536081679,amenity=restaurant,-317177.684581818,4466291.47206397
3536081681,amenity=restaurant,-317128.479524671,4466302.99025911
3536081683,amenity=restaurant,-317116.801188961,4466288.40813478
3536081736,amenity=restaurant,-317298.078273894,4466186.44001857
3536081789,amenity=restaurant,-318670.501951272,4466083.96184681
3536227764,amenity=restaurant,-316991.63431694,4466424.43176521
3536227767,amenity=restaurant,-317089.958613067,4466288.14340506
3536230024,amenity=restaurant,-317360.537968091,4466527.00547078
3536230032,amenity=restaurant,-317264.478176774,4466513.38267387
3536230033,amenity=restaurant,-317239.46288022,4466510.33074997
3536230034,amenity=restaurant,-317132.644309824,4466425.39733821
3536230044,amenity=restaurant,-317139.67271195,4466344.04859134
3536230046,amenity=restaurant,-317140.924189249,4466340.00632123
3536230057,amenity=restaurant,-317130.914204834,4466256.2990443
3540564215,amenity=restaurant,-316086.837833038,4465522.14844341
3540564239,amenity=restaurant,-316026.051747143,4466095.79717273
3540564253,amenity=restaurant,-316265.903980713,4465986.93041466
3540564258,amenity=restaurant,-316424.707444699,4466010.19251201
3540685002,amenity=restaurant,-316660.536867631,4466036.42458539
3540685011,amenity=restaurant,-317026.186547805,4466155.57135948
3540685031,amenity=restaurant,-316963.969376874,4465997.33814231
3540685042,amenity=restaurant,-317069.907718904,4465730.28695745
3540685079,"amenity=restaurant,name:en=Hangzhou Xiaochi",-318991.467958199,4467226.25323555
3540685081,amenity=restaurant,-319003.852369936,4467228.11247896
3540685082,"amenity=restaurant,name:en=Jiachangcai",-319052.559751672,4467233.69179376
3551275560,amenity=restaurant,-316516.463573032,4465496.28125874
3551277926,amenity=restaurant,-317927.00465329,4466883.85876171
3560224069,amenity=restaurant,-315976.257252098,4465452.98968238
3560224070,amenity=restaurant,-315968.220357326,4465454.2059565
3560224607,amenity=restaurant,-316077.559461528,4465489.86860915
3562647324,amenity=restaurant,-317721.761104702,4465967.61298227
3562733734,amenity=restaurant,-316931.241981363,4465877.12870574
3562733759,amenity=restaurant,-318395.088609812,4465235.38088619
3562733760,amenity=restaurant,-318322.452671488,4465228.00957479
3562734801,amenity=restaurant,-318303.113448184,4465374.12748444
3562844230,amenity=restaurant,-317471.676086038,4465975.81812766
3562844235,amenity=restaurant,-317653.462664007,4465375.60290254
3562844236,amenity=restaurant,-317716.527284935,4465382.22662418
3562844258,amenity=restaurant,-317150.298922681,4466390.11273689
3562844264,amenity=restaurant,-316458.472768129,4466051.28652046
3562991119,amenity=restaurant,-315902.141886541,4465008.88376024
3562991135,amenity=restaurant,-315854.396750694,4465481.35102534
3564774145,amenity=restaurant,-315863.739687891,4465795.58612274
3564807602,amenity=restaurant,-317697.418715329,4466581.95182717
3564848261,"amenity=restaurant,name:en=Ritan Moscow",-318512.927505011,4463910.35345423
3565446731,amenity=restaurant,-316253.806832132,4465748.45191041
3565446732,amenity=restaurant,-316279.788193785,4465772.69350296
3565446733,amenity=restaurant,-316289.796823763,4465775.21463526
3565446735,amenity=restaurant,-316297.423383532,4465777.47876028
3565446736,amenity=restaurant,-316302.222344051,4465777.67003144
3565446737,amenity=restaurant,-316317.028727344,4465780.39360607
3565525930,amenity=restaurant,-316017.521881307,4465440.83217703
3565574402,amenity=restaurant,-316531.516196577,4465395.19446874
3570825878,amenity=restaurant,-318433.274956691,4466208.24910724
3573680993,amenity=restaurant,-320042.947939969,4467673.42190784
3573683293,amenity=restaurant,-319816.669401569,4467930.55900613
3573689397,amenity=restaurant,-319986.633479739,4467621.86452744
3574840868,amenity=restaurant,-318624.575846179,4465903.04569801
3574840869,amenity=restaurant,-318637.869120037,4465905.49758425
3574840870,amenity=restaurant,-318647.474791184,4465906.53700804
3574840871,amenity=restaurant,-318655.675172764,4465907.42437613
3574840873,amenity=restaurant,-318671.255390406,4465907.4888234
3574841371,amenity=restaurant,-318874.091166593,4465531.24244469
3574841458,amenity=restaurant,-318434.895431848,4465327.68662356
3574930281,amenity=restaurant,-318027.197705878,4464884.33337963
3574930400,amenity=restaurant,-317065.294496026,4465031.45928489
3574930407,amenity=restaurant,-316817.043861445,4464868.34780907
3574930408,amenity=restaurant,-316815.558886543,4464902.5074104
3574930409,amenity=restaurant,-316814.28529856,4464910.61212142
3574930411,amenity=restaurant,-316829.320369717,4464936.45481826
3574930432,amenity=restaurant,-316383.822187171,4465260.80574105
3574930443,amenity=restaurant,-316023.61975853,4465440.55529521
3580864561,amenity=restaurant,-316672.955859547,4465031.66949395
3580864784,amenity=restaurant,-316378.21496486,4465429.83887247
3580864786,amenity=restaurant,-316339.438026111,4465425.75639695
3580912415,amenity=restaurant,-316423.818346751,4466005.66022817
3581002139,amenity=restaurant,-317530.48003885,4465306.19384539
3581002140,amenity=restaurant,-317526.409140464,4465304.8757253
3582235114,amenity=restaurant,-320375.640179574,4465052.89237835
3584898898,amenity=restaurant,-317258.776408471,4466409.55684897
3608662218,amenity=restaurant,-320742.056779858,4469303.58977375
3608668732,amenity=restaurant,-318500.643033622,4465724.50112202
3608668735,amenity=restaurant,-318412.668734774,4465749.97043387
3608668736,amenity=restaurant,-318412.313801705,4465757.49907011
3608688062,amenity=restaurant,-316100.577843593,4465703.04054109
3608688064,amenity=restaurant,-316101.216283593,4465696.39870013
3608688075,amenity=restaurant,-316109.221502744,4465591.56855305
3608691328,amenity=restaurant,-317127.016972132,4466329.60856083
3612568766,amenity=restaurant,-320777.895959485,4469310.73663157
3612572465,amenity=restaurant,-320773.83596054,4469476.4264868
3634307169,amenity=restaurant,-314023.399364859,4470546.29972865
3634307170,amenity=restaurant,-314258.014828468,4469673.92935419
3645418975,amenity=restaurant,-312782.681490467,4468782.4494063
3650389608,amenity=restaurant,-326093.903241229,4471877.80918776
3650389609,amenity=restaurant,-326093.903241229,4471877.80918776
3651680155,amenity=restaurant,-317421.096796327,4466455.82122623
3666711436,"amenity=restaurant,name:en=Quanjude Roast Duct",-326958.281284384,4473830.53953753
3666930177,amenity=restaurant,-322030.3308799,4462951.09619789
3677572226,amenity=restaurant,-316253.965623554,4467103.72918685
3688728825,"amenity=restaurant,name:en=JIM'S BUFFET",-328264.986180384,4470904.63614265
3698246728,amenity=restaurant,-323920.949255646,4473558.19470729
3698246732,amenity=restaurant,-324006.77955265,4474160.25073742
3698246734,amenity=restaurant,-324036.503752718,4473740.15050792
3704076311,amenity=restaurant,-323998.011384801,4460408.15823471
3710364260,amenity=restaurant,-310647.176318559,4463485.79290771
3711741814,amenity=restaurant,-316838.86095676,4465749.72440178
3712069714,amenity=restaurant,-320561.850264227,4468099.86802816
3718599191,amenity=restaurant,-320791.79800982,4467589.21001067
3718600099,amenity=restaurant,-314700.131862917,4471753.67317502
3721939237,"amenity=restaurant,name:en=Zamo",-321513.916211551,4466676.65397542
3731346199,"amenity=restaurant,name:en=Sunrise restaurant",-327928.343012623,4473568.64423581
3749724900,amenity=restaurant,-318258.647378502,4464266.31126179
3784410257,amenity=restaurant,-324807.48036494,4473622.20417763
3784411857,amenity=restaurant,-325030.887652679,4473954.4528882
3793781118,amenity=restaurant,-325056.32276801,4469601.00452104
3796321985,amenity=restaurant,-325675.997056596,4469761.56262977
3796461818,amenity=restaurant,-326089.279483357,4469852.58480502
3796461819,amenity=restaurant,-325904.312664711,4469777.25388034
3797748786,amenity=restaurant,-325718.898614963,4469747.48531104
3797754031,amenity=restaurant,-325756.377807272,4469748.8436448
3803775314,amenity=restaurant,-313856.436350406,4471118.88989462
3804527452,amenity=restaurant,-324824.687079048,4469283.46327027
3806253398,amenity=restaurant,-326153.592113494,4469830.18377343
3806258458,amenity=restaurant,-322381.516006382,4462591.58266122
3807735200,amenity=restaurant,-322882.966825844,4472068.93870845
3807905113,amenity=restaurant,-326157.692986757,4469800.76086278
3807999855,amenity=restaurant,-320093.824721965,4467201.17204792
3809453528,amenity=restaurant,-326169.883209552,4469798.03867308
3814786279,amenity=restaurant,-323797.054938423,4472989.48547593
3814791502,amenity=restaurant,-323960.309715626,4471866.25063602
3814886179,amenity=restaurant,-323891.708910619,4471719.88283606
3815540247,amenity=restaurant,-322112.422551232,4466576.97696917
3815571543,amenity=restaurant,-324575.674762433,4470628.73017634
3816451582,amenity=restaurant,-323888.777112941,4471769.15358212
3818278969,amenity=restaurant,-325421.80954636,4469377.47702501
3818278970,amenity=restaurant,-325422.222666775,4469375.12304876
3818290348,amenity=restaurant,-320363.162968765,4465910.09295964
3820023688,amenity=restaurant,-324523.181971696,4470624.75787588
3833873028,"amenity=restaurant,name:en=Pizza Hut",-325343.452320472,4469191.93895304
3835418657,amenity=restaurant,-317901.238492273,4466819.38811257
3840334270,amenity=restaurant,-323510.625440738,4466348.50414023
3875616026,"amenity=restaurant,name:en=Grandma's Kitchen",-320221.855103866,4467082.50125565
3896739633,amenity=restaurant,-315311.973851308,4464120.20003439
3896759005,amenity=restaurant,-314620.078212153,4471257.38234124
3915648140,amenity=restaurant,-325100.910765531,4472311.61737726
3919965393,"amenity=restaurant,name:en=Pizza Hut",-325914.649463653,4471764.0493756
3926758575,amenity=restaurant,-326095.900045095,4469916.74544183
3926765582,amenity=restaurant,-326015.134187559,4469803.0182443
3928133969,amenity=restaurant,-324786.872716568,4469719.12766731
3949904356,amenity=restaurant,-321720.418043825,4467547.20066738
3955072857,"amenity=restaurant,name:en=Bǎihé Vegetarian Restaurant",-319632.78019731,4467313.66285332
3955542629,amenity=restaurant,-319492.695226369,4467089.86020888
3957852787,amenity=restaurant,-323635.936782671,4465706.1976033
4012047935,amenity=restaurant,-325684.15104604,4469680.98480156
4012137987,amenity=restaurant,-325679.367613002,4469744.43872038
4031071847,amenity=restaurant,-316604.794258426,4466430.47914854
4045156058,amenity=restaurant,-317034.592372237,4467037.83221674
4056288604,amenity=restaurant,-322266.691583389,4467338.38933794
4059364645,amenity=restaurant,-313117.393088845,4471680.45068866
4067982331,amenity=restaurant,-319983.840301183,4467260.57384807
4067982397,amenity=restaurant,-315393.907106074,4449154.75174627
4079521784,amenity=restaurant,-325071.090518964,4469011.86088747
4089777593,amenity=restaurant,-320925.612029982,4467839.32788523
4109095589,amenity=restaurant,-316183.779571536,4467838.94585408
4109376190,amenity=restaurant,-320396.668776551,4465631.55381334
4115141990,amenity=restaurant,-320465.416508429,4464999.56252293
4131927074,amenity=restaurant,-322795.246079806,4462401.34652065
4132568450,amenity=restaurant,-331610.753221196,4460791.60271023
4134718812,amenity=restaurant,-327680.368085888,4471697.27038622
4142933090,amenity=restaurant,-321458.034703447,4467303.34583434
4143120689,amenity=restaurant,-321996.001989932,4467358.62653719
4143211689,amenity=restaurant,-320992.437270877,4467622.07317574
4159673730,amenity=restaurant,-321399.008070641,4464442.98337844
4161442789,amenity=restaurant,-318423.000836705,4464370.66122791
4161651904,amenity=restaurant,-316752.101380934,4468144.94301094
4167768092,amenity=restaurant,-320362.163030165,4466068.7452146
4167796591,amenity=restaurant,-320363.777795158,4465986.37555435
4167796689,amenity=restaurant,-320124.803363526,4466269.71902186
4167796791,amenity=restaurant,-320396.647621654,4465749.12987407
4167796797,amenity=restaurant,-322117.198778519,4464841.41049083
4172502189,amenity=restaurant,-318677.597121619,4467088.06150031
4174535908,amenity=restaurant,-318129.769316637,4465478.32324809
4174659104,amenity=restaurant,-317908.448532932,4465457.95389266
4174668490,amenity=restaurant,-318012.121894712,4466245.39137974
4196539154,amenity=restaurant,-317131.66073786,4466296.9720067
4196580493,amenity=restaurant,-321677.816091619,4462523.4377752
4196588109,amenity=restaurant,-321001.164779458,4466969.01802936
4210563292,amenity=restaurant,-314310.488981896,4471500.49855364
4213383769,amenity=restaurant,-326233.171099613,4468685.54136992
4213390492,amenity=restaurant,-326210.394596227,4468691.58979804
4213393030,amenity=restaurant,-326507.126483589,4468725.79559458
4213393032,amenity=restaurant,-326496.447987407,4468732.03960099
4213474525,amenity=restaurant,-320692.402983261,4462299.66049627
4218545637,amenity=restaurant,-326454.18342326,4468945.42815372
4226435990,amenity=restaurant,-328205.590109337,4477881.35663518
4226439589,amenity=restaurant,-328205.596226935,4477904.39411201
4226439590,amenity=restaurant,-328205.600315364,4477896.47530729
4234010615,amenity=restaurant,-325910.010375498,4469680.54810668
4238854504,amenity=restaurant,-325206.562411014,4473124.36814316
4238854508,amenity=restaurant,-324570.693046772,4469548.44050429
4238854712,amenity=restaurant,-324615.62341048,4469554.26659508
4238854713,amenity=restaurant,-324589.137147822,4469553.05474073
4238854716,amenity=restaurant,-324928.596615086,4469639.49109992
4238855103,amenity=restaurant,-325136.595346091,4470438.6905227
4238855493,amenity=restaurant,-324839.961725854,4469579.92042857
4242584194,amenity=restaurant,-313034.478761022,4471320.46338989
4242597093,amenity=restaurant,-313020.29673359,4471317.20270309
4242597206,amenity=restaurant,-313165.677838586,4471553.12290945
4255841289,amenity=restaurant,-321062.572460727,4464423.1818952
4258234691,"amenity=restaurant,name:en=Bainian Dumplings (Asian Games Village)",-319814.962733588,4473207.06076688
4258251090,"amenity=restaurant,name:en=Domino’s Pizza (Huizhong Lu)",-320169.460977112,4473237.13798344
4258304290,amenity=restaurant,-326053.275830828,4469352.31772555
4260201490,amenity=restaurant,-319800.792395644,4473206.58025005
4260218289,amenity=restaurant,-319827.38584457,4473208.63533661
4260218689,amenity=restaurant,-319791.666101123,4473204.15882331
4260218690,amenity=restaurant,-319777.601210481,4473203.90376988
4262568040,amenity=restaurant,-320868.345586714,4467610.78558438
4267523575,amenity=restaurant,-328649.265569669,4472829.16444781
4267523576,amenity=restaurant,-328633.595935669,4472827.91770473
4269208989,amenity=restaurant,-321784.292416905,4467027.67354782
4269231590,amenity=restaurant,-321885.538780653,4466655.51352183
4269243589,amenity=restaurant,-321593.979525937,4465894.33902782
4269440793,amenity=restaurant,-319199.283369682,4464595.84854456
4269441394,amenity=restaurant,-320887.355957057,4465721.77981898
4269471799,amenity=restaurant,-316946.740393932,4465844.78612181
4269480690,amenity=restaurant,-315827.279413157,4467099.25598985
4269562889,amenity=restaurant,-317021.429291502,4466484.9069862
4269626291,amenity=restaurant,-317921.272230899,4466440.62907472
4273014499,amenity=restaurant,-322681.230283187,4462819.04273195
4273043807,amenity=restaurant,-323551.92734654,4463089.72979103
4275134090,amenity=restaurant,-324764.29952259,4466278.70431029
4275134189,amenity=restaurant,-328707.275942241,4468329.28078181
4275134490,amenity=restaurant,-322759.409129094,4464593.44036413
4275268693,amenity=restaurant,-320416.16533481,4461140.54998395
4278085693,amenity=restaurant,-323897.27383603,4462939.01074124
4278125590,amenity=restaurant,-325364.764742741,4461611.92317901
4300658391,amenity=restaurant,-321034.033063158,4466893.75537274
4300709091,amenity=restaurant,-328457.139600115,4469471.01017345
4301877789,amenity=restaurant,-320304.512028013,4464246.45328976
4301877889,amenity=restaurant,-320198.049760056,4464288.63203204
4301877989,amenity=restaurant,-322397.714288734,4462435.37236099
4301895591,amenity=restaurant,-322403.825361291,4462366.78716028
4303758790,amenity=restaurant,-314204.096745007,4474156.14593916
4315631190,amenity=restaurant,-319572.413622807,4473234.54958922
4316720628,amenity=restaurant,-326378.431312963,4463252.20432633
4337221390,amenity=restaurant,-320912.274889226,4463968.56666879
4337234189,amenity=restaurant,-322208.936595905,4462388.659926
4337234289,amenity=restaurant,-322391.344778901,4462647.49486793
4348076996,amenity=restaurant,-319712.30490549,4463240.34182152
4348088892,amenity=restaurant,-317471.739948646,4464261.93021777
4348089190,amenity=restaurant,-317325.334715011,4464019.54713341
4348640747,amenity=restaurant,-317730.197912782,4466904.02587644
4356826692,"amenity=restaurant,name:en=Hollywood",-318366.221722184,4464417.60340235
4356832391,"amenity=restaurant,name:en=Pizza Hut",-318617.399974456,4465183.21693147
4358163796,amenity=restaurant,-317074.643283422,4460628.01338446
4362368094,"amenity=restaurant,name:en=Grandma Creative Kitchen",-321908.251646079,4466913.86220305
4365570490,amenity=restaurant,-319913.409958484,4458675.34007065
4365572890,amenity=restaurant,-320062.611761642,4458669.65104434
4365577790,amenity=restaurant,-319954.785529538,4458676.61596173
4365589792,amenity=restaurant,-320249.897013624,4458684.37848221
4365597389,amenity=restaurant,-319852.404721565,4458670.06152553
4365599191,amenity=restaurant,-319363.69265755,4458668.51868767
4365599192,amenity=restaurant,-320075.498577052,4458474.73734465
4365602990,amenity=restaurant,-320039.509832354,4458400.60161931
4365604390,amenity=restaurant,-319422.540168518,4458669.0222383
4365604489,amenity=restaurant,-319602.41637039,4458689.5545102
4365606090,"amenity=restaurant,name:en=Golden Hans",-319553.372410075,4458683.92712989
4365608489,amenity=restaurant,-319460.864934721,4458672.82598506
4365610691,amenity=restaurant,-319980.945442351,4458221.19327667
4365614589,amenity=restaurant,-319564.499873524,4458643.91641154
4365618690,amenity=restaurant,-320039.699741967,4458389.21511443
4365618891,amenity=restaurant,-320026.680765504,4457837.905711
4365619889,amenity=restaurant,-320055.434968643,4458466.47565923
4365621689,amenity=restaurant,-320125.437397257,4458470.74651948
4365623389,amenity=restaurant,-320033.958852444,4458381.63525489
4365623589,amenity=restaurant,-320015.439868923,4458327.30458479
4365623689,amenity=restaurant,-320018.443417371,4458313.81254793
4365624290,amenity=restaurant,-320001.187327594,4458220.58921547
4365634290,amenity=restaurant,-319593.149152767,4457744.2609821
4365664490,amenity=restaurant,-319706.956372267,4457406.72977259
4365671699,amenity=restaurant,-319669.348838564,4457812.73849781
4365695389,amenity=restaurant,-319626.177789074,4457781.70134627
4365696889,amenity=restaurant,-319595.137317114,4457681.76640322
4365698997,amenity=restaurant,-319415.788330876,4460276.95315077
4365699095,amenity=restaurant,-319395.302462002,4460683.38288883
4365703092,amenity=restaurant,-319405.134478549,4460263.31338253
4365707290,amenity=restaurant,-319148.779655914,4459737.65563425
4365707291,amenity=restaurant,-319343.773170516,4460359.03750066
4365718489,amenity=restaurant,-319394.292938028,4460247.63771586
4367035292,amenity=restaurant,-319186.443411024,4460729.2546493
4367074496,amenity=restaurant,-319265.964163978,4461798.24385299
4367116594,amenity=restaurant,-318996.051182266,4461692.26153237
4367120290,amenity=restaurant,-319217.308857636,4461802.12552271
4367139789,amenity=restaurant,-319282.411157353,4461798.2321754
4367139889,amenity=restaurant,-319297.803269867,4461795.30256136
4374203094,"amenity=restaurant,name:en=Indian Kitchen",-317120.49701996,4467459.22054619
4374204994,amenity=restaurant,-316607.548600008,4466029.91625681
4374235521,amenity=restaurant,-312583.304318052,4471334.10669796
4374242689,"amenity=restaurant,name:en=Pizza Hut",-315018.255523126,4474517.00492795
4374243554,amenity=restaurant,-312760.199118464,4471533.28148357
4374244522,amenity=restaurant,-312922.137473634,4471332.29417449
4375510708,amenity=restaurant,-312944.035737558,4471281.73556093
4375510709,amenity=restaurant,-312937.775700389,4471184.7660121
4375510710,amenity=restaurant,-312924.697048509,4471163.68924992
4375510711,amenity=restaurant,-312669.49696193,4471273.57840812
4375510712,amenity=restaurant,-312936.446021748,4471203.23350872
4378974093,"amenity=restaurant,name:en=Black Sesame Kitchen",-321849.754482649,4465477.6058673
4379036289,"amenity=restaurant,name:en=Din Tai Fung",-317765.091084162,4464513.99000248
4379753289,"amenity=restaurant,name:en=Black Sesame Kitchen",-321848.271648374,4465485.35056556
4382355291,amenity=restaurant,-313172.719679466,4471289.4682781
4382355292,amenity=restaurant,-313082.175845557,4471486.88049271
4385366276,amenity=restaurant,-320503.090099001,4474475.476226
4393497694,amenity=restaurant,-316284.037888738,4468638.32725004
4396112966,amenity=restaurant,-319234.757721683,4470857.77126477
4396950589,amenity=restaurant,-321037.921702741,4464019.15256841
4400130291,"amenity=restaurant,name:en=Pizza Hut",-321550.564846595,4466462.78802989
4400694290,"amenity=restaurant,name:en=With Cafe",-312925.538001263,4471325.64606027
4400701891,"amenity=restaurant,name:en=Via Cafe",-313129.695485356,4471591.37859167
4401088491,"amenity=restaurant,name:en=Pork Fusion Restaurant",-314011.497506197,4471300.47958849
4406482695,"amenity=restaurant,name:en=Otto's",-320498.686404678,4464050.22547816
4406482890,"amenity=restaurant,name:en=Manfulou",-322114.883954882,4466098.71462764
4406486993,"amenity=restaurant,name:en=Quanjude",-321045.04630909,4464040.21827002
4406718589,amenity=restaurant,-322116.156870683,4466100.56476394
4408121091,amenity=restaurant,-321313.807605531,4465707.10168907
4418324189,"amenity=restaurant,name:en=beijing fine",-320981.805106646,4467066.94127412
4424744915,amenity=restaurant,-315808.160430309,4474641.48704606
4425971190,"amenity=restaurant,name:en=Alsafir",-316301.03969869,4468624.03930429
4426086553,amenity=restaurant,-315163.08000961,4467488.20388247
4426086554,amenity=restaurant,-315085.700613239,4467501.71641636
4426086555,amenity=restaurant,-315172.79124518,4467486.62741967
4426086556,amenity=restaurant,-315211.581559489,4467472.38920941
4426086557,amenity=restaurant,-315199.069959952,4467478.71915909
4426086558,amenity=restaurant,-315065.497171507,4467533.33892864
4426086559,amenity=restaurant,-315252.250853392,4467471.83119836
4426086560,amenity=restaurant,-315066.180690007,4467546.93502206
4426086561,amenity=restaurant,-315191.265023445,4467481.50319621
4426086562,amenity=restaurant,-315182.927909631,4467484.88290643
4427128427,amenity=restaurant,-315374.488635211,4466172.9913027
4427128428,amenity=restaurant,-315410.623743501,4466137.20850854
4427128429,amenity=restaurant,-315345.832425949,4466210.71751091
4427145924,amenity=restaurant,-315462.600221554,4467743.04380538
4427145925,amenity=restaurant,-315459.636710872,4467713.95626637
4427145926,amenity=restaurant,-315455.780555341,4467684.54727459
4427145927,amenity=restaurant,-315461.8337535,4467732.71503221
4427145928,amenity=restaurant,-315453.171386538,4467665.91296532
4427145929,amenity=restaurant,-315457.122461526,4467697.41518394
4427145930,amenity=restaurant,-315454.519819979,4467673.65852559
4427145932,amenity=restaurant,-315456.969825667,4467690.47415902
4427145934,amenity=restaurant,-315459.80530514,4467723.88276942
4429291326,amenity=restaurant,-315471.0868442,4467821.51432062
4429291327,amenity=restaurant,-315477.523566244,4467877.93169826
4429291328,amenity=restaurant,-315482.940727774,4467914.63640129
4429291329,amenity=restaurant,-315484.342502794,4467923.41236168
4429291330,amenity=restaurant,-315474.102988578,4467838.86395574
4429291331,amenity=restaurant,-315482.090710653,4467909.42165373
4429291332,amenity=restaurant,-315468.944903677,4467799.75519806
4429291333,amenity=restaurant,-315479.934982056,4467898.71781765
4430081299,amenity=restaurant,-314476.191525311,4465508.61867522
4434799793,"amenity=restaurant,name:en=Quanjude",-334863.371566416,4465001.74475164
4435428320,amenity=restaurant,-314633.275772566,4465517.51418798
4435428321,amenity=restaurant,-315069.222159297,4465671.38330148
4435428324,amenity=restaurant,-314457.05220672,4465516.8377502
4440577618,amenity=restaurant,-314811.331057669,4474591.40737484
4442186591,"amenity=restaurant,name:en=Deyuan Roasted Duck",-322943.661293593,4462277.36005335
4443633089,"amenity=restaurant,name:en=Little Saigon 😋",-322218.488260632,4467522.99200221
4445933689,amenity=restaurant,-322341.593712182,4462359.91776384
4450096489,"amenity=restaurant,name:en=haidilao",-316942.914413922,4465393.30157624
4450096589,"amenity=restaurant,name:en=Donghuamen Night Market",-321259.410757192,4464410.18896765
4450096590,"amenity=restaurant,name:en=lao beijing noodles",-321686.724798946,4465360.13303208
4450096689,"amenity=restaurant,name:en=lao noodles",-320966.314509024,4462308.59021722
4450108996,"amenity=restaurant,name:en=Ri chang canguan",-322331.875245113,4466550.02877356
4450182205,"amenity=restaurant,name:en=Siji Minju",-321233.855524585,4464752.80557354
4450261096,"amenity=restaurant,name:en=kao rou ji",-322256.934483579,4467193.71514782
4454350680,amenity=restaurant,-329011.80932059,4473022.38315319
4454757990,amenity=restaurant,-328295.574010356,4473252.94763894
4454890589,"amenity=restaurant,name:en=Hutong pizza",-322327.15844529,4467058.62686051
4454890590,amenity=restaurant,-322566.608510492,4462371.62523223
4458016089,"amenity=restaurant,name:en=Jinchiduck",-315251.664954107,4472785.4259793
4460013789,"amenity=restaurant,name:en=Dadong Restaurant",-319189.049833358,4466095.27883532
4462589593,"amenity=restaurant,name:en=Xiabu Xiabu",-314000.415748305,4472043.36721775
4464690691,"amenity=restaurant,name:en=Pizza Hut",-321086.925252999,4464488.47080251
4466044585,"amenity=restaurant,name:en=Xia`bu xia`bu",-314798.410449662,4472501.86221748
4473106891,"amenity=restaurant,name:en=Quanjude Beijing Duck",-323509.912244097,4462854.62241653
4476118791,"amenity=restaurant,name:en=Baotsi Canteen",-328994.771125879,4473417.48958874
4476649390,amenity=restaurant,-310467.242486148,4445590.57819644
4478399889,amenity=restaurant,-321437.09817178,4466795.25265603
4481326735,"amenity=restaurant,name:en=Bei Yuan Canteen",-327790.102521195,4476012.88084844
4481447330,"amenity=restaurant,name:en=Yu Shu Yuan Canteen",-326661.458653699,4475877.10468407
4481447331,"amenity=restaurant,name:en=Zhi Lan Yuan Canteen",-326538.343829843,4475698.85072295
4486722992,amenity=restaurant,-322720.905168278,4470000.29143488
4486955791,amenity=restaurant,-320950.058053481,4462333.01057076
4496708793,"amenity=restaurant,name:en=Slow boat brewery",-317070.389489452,4465721.33102773
4498256592,amenity=restaurant,-320972.529789722,4468829.50731054
4498342989,"amenity=restaurant,name:en=White House",-321670.509067813,4467755.20001743
4504500090,"amenity=restaurant,name:en=Traditional Hot Pot",-320325.368233759,4466691.57781335
4510129189,amenity=restaurant,-322471.444856972,4462489.79964021
4525670289,"amenity=restaurant,name:en=Pizza Hut",-320614.275826672,4460985.90347274
4526768092,"amenity=restaurant,name:en=Bianyifang",-319859.234706683,4471936.61557199
4545781990,"amenity=restaurant,name:en=Green Tea",-316922.757239932,4464254.87217398
4557319306,amenity=restaurant,-327104.904508701,4472956.37080105
4566533978,amenity=restaurant,-314942.220602914,4473874.06307893
4594267391,"amenity=restaurant,name:en=canton cuisin",-320260.972896719,4464431.60825223
4594288990,"amenity=restaurant,name:en=Sheng yi yuan",-320294.717736376,4464501.6607379
4594288992,"amenity=restaurant,name:en=seafood hotpot",-320268.864509699,4464449.36637325
4597614913,amenity=restaurant,-314556.350602374,4464525.78483807
4597798506,"amenity=restaurant,name:en=Come here",-312766.895707135,4472140.2817148
4603600793,amenity=restaurant,-325820.275156349,4474564.13284364
4603616590,"amenity=restaurant,name:en=QS",-320259.088653284,4467449.21957588
4605980191,"amenity=restaurant,name:en=Bistrot 108",-315653.814826789,4468425.39373041
4614028709,amenity=restaurant,-329208.729958535,4473407.37568901
4646739894,"amenity=restaurant,name:en=Katoya",-328761.889251128,4469558.92045564
4647982247,amenity=restaurant,-328610.447605258,4472995.47553239
4651521890,"amenity=restaurant,name:en=Beijing Hot Pot",-320118.955283784,4467436.79033422
4651522289,"amenity=restaurant,name:en=Muslim Restaurant",-319966.695836516,4467428.8370421
4651522290,"amenity=restaurant,name:en=Wang Pang Zi",-320296.324474462,4466674.65539464
4662328886,amenity=restaurant,-325952.937848816,4471925.50076365
4664882789,"amenity=restaurant,name:en=Wish",-314372.335589005,4470253.22813896
4677253494,"amenity=restaurant,name:en=Moscow",-326614.123046947,4467788.50119755
4679825491,"amenity=restaurant,name:en=Jian bing Beijing Pancake",-318577.946604939,4471500.12999191
4682984916,amenity=restaurant,-325000.31705371,4470247.95485205
4692028797,amenity=restaurant,-318159.596011704,4463165.01552622
4692971391,"amenity=restaurant,name:en=Pyong An Do Korean Restaurant",-315201.896666195,4471303.79262714
4692989990,"amenity=restaurant,name:en=Grizzly Swiss BBQ and Brewery",-315567.616829075,4470946.71271245
4693144856,amenity=restaurant,-321701.042295793,4464415.84284401
4694752670,amenity=restaurant,-328612.366261095,4472520.3457172
4694752671,amenity=restaurant,-328608.090571233,4472518.00653752
4694752672,amenity=restaurant,-328595.586314916,4472510.25843813
4697071077,amenity=restaurant,-315166.447891396,4471670.37201476
4697071078,amenity=restaurant,-315178.306975658,4471681.83090071
4714241297,"amenity=restaurant,name:en=Georgia's feast Restaurant & Bar",-317157.106159002,4467393.45432691
4714242294,amenity=restaurant,-317038.293665288,4467406.18719479
4717979752,amenity=restaurant,-326366.345122605,4470643.66802596
4717995498,amenity=restaurant,-326185.708245706,4470646.23618759
4718115962,amenity=restaurant,-326381.073686844,4469230.58433199
4726676389,"amenity=restaurant,name:en=Dumplings",-318219.418934409,4466192.85048915
4733926221,amenity=restaurant,-322537.709345735,4466730.62979147
4736423321,"amenity=restaurant,name:en=全聚徳烤鴨店",-322571.674068765,4466860.21133571
4743823421,"amenity=restaurant,name:en=Dong'ao Restaurant",-318272.725142254,4464401.6508373
4747832921,"amenity=restaurant,name:en=Qin Tang Fu",-320312.362461295,4466578.33189906
4751785422,"amenity=restaurant,name:en=Traktir Pushkin",-319334.094211029,4467276.26144632
4756090273,amenity=restaurant,-320592.498218235,4474488.89364287
4756090275,amenity=restaurant,-320348.69387452,4474558.66898298
4759792216,amenity=restaurant,-332293.791937452,4469791.67477578
4759792217,amenity=restaurant,-332309.4163213,4469733.65167236
4782466523,"amenity=restaurant,name:en=Din Tai Fun",-320992.818568015,4464345.05197286
4793571821,amenity=restaurant,-318138.741032682,4469077.00628922
4793667429,amenity=restaurant,-324339.437104948,4465126.92659037
4793667430,amenity=restaurant,-324148.815566864,4465110.23097481
4793682022,amenity=restaurant,-324356.934066106,4465126.96289726
4793682023,amenity=restaurant,-324238.640693097,4465373.64874331
4793682024,amenity=restaurant,-324331.27035823,4464592.20882266
4793697522,amenity=restaurant,-324198.401618298,4465111.92573641
4793697523,amenity=restaurant,-324195.701535933,4465525.19612772
4793697524,amenity=restaurant,-324154.394073192,4464824.30637642
4794997462,amenity=restaurant,-329331.239008402,4472530.10453636
4795500135,"amenity=restaurant,name:en=Wolfgang's Steakhouse by Wolfgang Zwiener Beijing",-316821.447036401,4465838.35102005
4800429821,amenity=restaurant,-322460.917421777,4467354.63408881
4801328129,amenity=restaurant,-324207.928118158,4465925.94747042
4801334425,amenity=restaurant,-324215.436161439,4465922.93606764
4802406721,"amenity=restaurant,name:en=Famous Halal Restaurant",-325208.88414867,4461610.05799197
4803931023,"amenity=restaurant,name:en=Makato",-313257.65562484,4471561.08045665
4809750294,amenity=restaurant,-327559.612803946,4475607.59887714
4813654821,"amenity=restaurant,name:en=Steamed Noodles Restaurant",-313135.784219064,4471165.39386159
4813654822,"amenity=restaurant,name:en=Shido Noodle Restaurant",-313075.62379731,4471167.4057771
4814495522,amenity=restaurant,-321914.41713539,4466858.4030733
4814818622,amenity=restaurant,-321472.892256859,4467815.87099847
4820489225,amenity=restaurant,-321368.043495696,4465803.64509653
4822145522,"amenity=restaurant,name:en=Yunnan Camillia Sister",-320352.373137888,4465971.22001138
4824048121,"amenity=restaurant,name:en=Sijiminfu roast duck restaurant",-319295.855995058,4466301.93916393
4824079221,"amenity=restaurant,name:en=Chinese Muslims",-316926.175111066,4469859.98257006
4826733010,"amenity=restaurant,name:en=Master Kong private beef noodles",-314809.739356882,4472519.34368549
4826963813,"amenity=restaurant,name:en=Jiumen Snacks",-323216.069602756,4468078.37664635
4828503522,"amenity=restaurant,name:en=The Raj",-322237.95408836,4467386.54065756
4828651921,"amenity=restaurant,name:en=Hatsune Japanese restaurant",-317123.373051933,4466157.91654141
4832607821,"amenity=restaurant,name:en=Fantastic dumpling restaurant",-324195.835000897,4465932.91942023
4836665741,"amenity=restaurant,name:en=Very good local food",-325904.405005515,4456973.74275322
